,id,name,price,top_tags
0,A000000140146,보타닉힐보 더마 인텐시브 시카 판테놀 블레미쉬 크림 TOP 기획,"22,400",복합성 웜톤 트러블 모공 잡티 블랙헤드 
1,A000000130232,"피지오겔 DMT 데일리보습 페이셜 크림 150ml 기획(+레드수딩 로션10ml*2ea,크림 10ml*2ea증정)","27,800",건성 쿨톤 블랙헤드 모공 탄력 잡티 
2,A000000114129,닥터지 레드블레미쉬클리어수딩크림 증량 UP 기획세트,"25,200",복합성 웜톤 트러블 모공 민감성 블랙헤드 
3,A000000016865,라로슈포제 시카플라스트 밤 B5 100ml 기획,"22,400",복합성 웜톤 잡티 트러블 민감성 모공 
4,A000000128754,리얼베리어 익스트림 크림 50ml 기획(익스트림 크림 10ml*2ea 증정),"23,940",복합성 웜톤 잡티 트러블 민감성 모공 
5,A000000142587,닥터지 로얄 블랙스네일 크림 한정기획 (크림50mL+오팔오로라보석마사저) #홈케어 #탄력마사저,"29,400",건성 웜톤 모공 미백 탄력 잡티 
6,A000000141910,라운드랩 자작나무 수분 크림 1+1 기획,"32,000",복합성 웜톤 잡티 모공 민감성 트러블 
7,A000000141651,닥터자르트 세라마이딘 크림 기획(크림 50ml+리퀴드 31ml),"34,200",지성 쿨톤 트러블 블랙헤드 피지과다 민감성 
8,A000000135675,[New]시칼파트 플러스 S.O.S 크림 40ml 2입기획 #손상개선 #시카크림,"23,170",복합성 쿨톤 트러블 모공 잡티 블랙헤드 
9,A000000131012,셀퓨전씨 레이저 리쥬버네이션 크림 기획 (50ml+10ml),"9,900",복합성 웜톤 트러블 잡티 모공 민감성 
10,A000000117495,닥터자르트 시카페어 카밍 젤 크림 80ml (시카 젤크림),"28,000",복합성 웜톤 모공 트러블 블랙헤드 잡티 
11,A000000013433,유세린 하이알루론 나이트 크림 50ml (+나이트크림 20ml 증정) #보습탄력,"44,000",복합성 쿨톤 주름 각질 트러블 블랙헤드 
12,A000000137692,아벤느 고보습 세트(트릭세라 로션*2+클렌징젤),"24,000",복합성 쿨톤 모공 잡티 미백 피지과다 
13,A000000125747,닥터자르트 시카페어 겟그린 겟베러 크림 기획,"43,200",복합성 웜톤 트러블 잡티 민감성 모공 
14,A000000012755,피지오겔 DMT 인텐시브크림 100ml,"27,800",복합성 웜톤 민감성 블랙헤드 모공 미백 
15,A000000134691,[올리브영단독]바이오더마 시카비오 포마드 100ml,"23,040",복합성 웜톤 모공 트러블 블랙헤드 잡티 
16,A000000117701,에스트라 아토베리어365 크림 80ml,"25,200",복합성 웜톤 민감성 모공 잡티 트러블 
17,A000000138404,닥터지 로얄 블랙스네일 크림 기획 세트 50ml+15ml,"29,400",복합성 쿨톤 모공 트러블 블랙헤드 피지과다 
18,A000000142849,브링그린 사철쑥 카밍 리페어 크림 1+1 한정기획,"19,800",복합성 쿨톤 잡티 모공 주름 각질 
19,A000000142850,브링그린 사철쑥 카밍 수분 크림 1+1 한정기획,"18,900",건성 웜톤 미백 모공 탄력 잡티 
20,A000000138413,한율 어린쑥수분진정크림 50ml 기획(50ml+25ml+마스크팩1매),"27,200",복합성 웜톤 잡티 모공 트러블 주름 
21,A000000131209,티르티르 도자기크림 기획세트 (50ml+10ml),"28,000",복합성 웜톤 잡티 미백 탄력 트러블 
22,A000000141685,보타닉힐보 더마 워터 세라마이드 젤 크림 95g 1+1 기획,"18,000",복합성 쿨톤 잡티 블랙헤드 민감성 트러블 
23,A000000131114,리얼베리어 인텐스 모이스처크림 50ml 기획 (10ml x 2ea증정),"20,160",복합성 웜톤 트러블 잡티 모공 민감성 
24,A000000135637,보타닉힐보 프로바이오덤 리페어 리프팅 크림 기획세트(스킨소프너 20ml 증정),"26,500",복합성 쿨톤 모공 잡티 트러블 블랙헤드 
25,A000000111291,메디큐브 레드 이레이징 크림 50ml,"22,400",복합성 웜톤 모공 잡티 블랙헤드 트러블 
26,A000000136881,비욘드 엔젤아쿠아 수분크림 1+1 디즈니 기획,"19,800",복합성 웜톤 트러블 모공 블랙헤드 각질 
27,A000000015841,아이소이 불가리안 로즈 인텐시브 에너자이징 크림 30ml 기획 [코어탄력크림],"32,200",복합성 쿨톤 잡티 민감성 주름 모공 
28,A000000112059,크리니크 핑크수분크림 72아워 50ml,"35,100",복합성 웜톤 모공 잡티 트러블 미백 
29,A000000142662,유세린 우레아 리페어 크림 50ml 기획 (+더머토 클린 토너 200ml),"26,200",건성 웜톤 주름 각질 잡티 트러블 
30,A000000142737,더랩바이블랑두 올리고 히알루론산 카밍+ 크림 80ml,"24,500",건성 웜톤 민감성 홍조 잡티 미백 
31,A000000136438,구달 청귤 비타C 크림 50ml 기획세트,"17,600",복합성 웜톤 모공 잡티 트러블 블랙헤드 
32,A000000135186,보타닉힐보 더마 인텐시브 판테놀 크림 50mL(판테놀 블레미쉬 클렌저 30ml 증정기획),"20,880",복합성 쿨톤 트러블 민감성 잡티 블랙헤드 
33,A000000129773,피지오겔 레드수딩 AI 진정보습 크림 50ml,"16,800",복합성 웜톤 트러블 민감성 미백 모공 
34,A000000142181,아벤느 시칼파트 블루젤 40ml,"11,000",복합성 쿨톤 잡티 미백 주름 각질 
35,A000000015652,CPI 스킨 리커버리 크림 기획 #진정회복 #미니멀크림 (젠틀 토닝 로션 100ml 증정),"23,800",복합성 웜톤 트러블 모공 민감성 블랙헤드 
36,A000000012880,피지오겔 DMT 페이셜 크림 75ml,"20,400",복합성 웜톤 잡티 트러블 모공 블랙헤드 
37,A000000132712,구달 맑은 어성초 진정 수분크림 기획세트,"19,200",복합성 웜톤 트러블 블랙헤드 모공 잡티 
38,A000000141540,아벤느 이드랑스 하이드레이팅 아쿠아 크림-인-젤 50ml,"24,000",복합성 웜톤 블랙헤드 모공 잡티 트러블 
39,A000000131117,메디큐브 레드 이레이징크림 50ml 기획세트,"22,400",복합성 쿨톤 미백 각질 트러블 민감성 
40,A000000129774,피지오겔 레드수딩 AI 진정보습 크림 100ml,"26,400",복합성 웜톤 모공 민감성 트러블 잡티 
41,A000000139334,코스알엑스 퓨어핏 시카 크림 한정 기획세트(50ml+15ml),"14,300",복합성 웜톤 모공 잡티 트러블 민감성 
42,A000000139548,아이소이 모이스춰닥터 스피디 크림 70ml+20ml 증정기획 [3초수분크림],"27,200",복합성 웜톤 민감성 모공 트러블 블랙헤드 
43,A000000141511,마녀공장 비피다 바이옴 수분 장벽 강화 크림 1+1 기획세트,"22,500",건성 웜톤 잡티 미백 주름 각질 
44,A000000136436,구달 청귤 비타C 잡티 톤업 크림 기획 세트,"17,600",복합성 웜톤 트러블 민감성 모공 잡티 
45,A000000140755,케어존 노르데나우워터 크림 1+1 특별 기획,"28,800",복합성 쿨톤 트러블 미백 잡티 주름 
46,A000000013227,라로슈포제 똘러리앙 울트라 크림 [촉촉],"24,650",복합성 쿨톤 각질 잡티 주름 트러블 
47,A000000016808,유세린 볼륨 리프팅 나이트 크림,"36,400",건성 쿨톤 민감성 홍조 잡티 미백 
48,A000000010470,라로슈포제 시카플라스트 밤 B5 크림 [100ml],"22,400",복합성 쿨톤 트러블 잡티 민감성 미백 
49,A000000142947,라네즈 래디언씨크림 기획 (본품 30ml + 샘플 10ml + 콜라보 스티커 2매 증정),"23,900",복합성 웜톤 잡티 트러블 탄력 모공 
50,A000000012773,아이소이 불가리안 로즈 블레미쉬 케어 크림 플러스 30ml 기획 [잡티크림],"29,900",복합성 웜톤 잡티 미백 주름 트러블 
51,A000000139070,브링그린 티트리 시카 수딩 크림 100mL+40mL한정기획,"11,610",복합성 쿨톤 트러블 잡티 모공 블랙헤드 
52,A000000129575,코스알엑스 풀핏 프로폴리스 라이트 크림 65ml,"19,900",복합성 웜톤 트러블 블랙헤드 피지과다 민감성 
53,A000000136534,유세린 하이알루론 20ml 듀얼 기획(하이알루론 데이크림&나이트크림),"23,800",복합성 쿨톤 잡티 미백 주름 모공 
54,A000000139396,에스트라 테라크네365  수딩촉촉 에멀젼 120ml 기획(+ 테라크네 토너 100ml 증정),"31,500",복합성 쿨톤 민감성 잡티 각질 주름 
55,A000000138096,라운드랩 1025 독도 크림 80ml,"22,400",복합성 쿨톤 미백 잡티 트러블 주름 
56,A000000015608,비욘드 엔젤아쿠아 수분크림 150ml 기획(1+1),"20,800",복합성 웜톤 잡티 모공 미백 블랙헤드 
57,A000000113643,메이크프렘 세이프 미 릴리프 모이스처 크림 12 80ml,"22,400",건성 웜톤 민감성 모공 탄력 주름 
58,A000000139009,차앤박 프로폴리스 앰플 액티브 크림 50ml,"28,800",복합성 쿨톤 잡티 트러블 민감성 미백 
59,A000000142329,유세린 울트라센시티브 리페어 크림 50ml 기획 (+하이알루론 미스트 50ml),"21,000",복합성 웜톤 트러블 탄력 잡티 미백 
60,A000000123587,나인위시스 하이드라 앰플 크림,"16,800",복합성 웜톤 트러블 각질 잡티 피지과다 
61,A000000106423,닥터자르트 NEW 세라마이딘 크림 50ml (세라 크림),"34,200",건성 웜톤 잡티 모공 블랙헤드 주름 
62,A000000129094,닥터지 로얄 블랙스네일 아이크림 30ml 상시기획,"26,600",복합성 쿨톤 민감성 트러블 탄력 잡티 
63,A000000139007,차앤박 팜슈티컬 울트라 카밍 젤 크림 기획(2005),"29,500",복합성 웜톤 민감성 모공 트러블 잡티 
64,A000000112132,유세린 하이알루론 엘라스티시티 나이트 크림,"50,400",건성 웜톤 민감성 잡티 미백 주름 
65,A000000121017,닥터지 필라그린 배리어크림 민감건성 50ml 기획,"33,100",건성 웜톤 트러블 민감성 모공 잡티 
66,A000000112104,아비브 하이드레이션 겔 워터튜브 75ml,"27,300",복합성 웜톤 잡티 주름 각질 트러블 
67,A000000103098,바이오더마 세비엄 매트 컨트롤 30ml,"18,900",복합성 웜톤 트러블 모공 민감성 피지과다 
68,A000000135340,더랩바이블랑두 올리고 히알루론산 카밍+ 크림 50ml,"19,600",복합성 웜톤 트러블 민감성 블랙헤드 잡티 
69,A000000010471,라로슈포제 에빠끌라 MAT 세보 컨트롤링 모이스춰라이저,"23,200",지성 웜톤 트러블 모공 블랙헤드 피지과다 
70,A000000120162,나인위시스 VB 톤업 얼티밋 SPF21,"14,500",복합성 웜톤 주름 잡티 트러블 민감성 
71,A000000130344,닥터지 필라그린 배리어 밤 50ml 기획_15ml증정(1911),"18,900",건성 웜톤 트러블 민감성 모공 주름 
72,A000000012618,아벤느 CPI 스킨 리커버리 크림 리치 50ml 기획,"23,800",건성 웜톤 미백 민감성 주름 트러블 
73,A000000143167,아벤느 트릭세라 밤 400ml,"39,900",복합성 웜톤 모공 잡티 트러블 블랙헤드 
74,A000000138908,닥터자르트 시카페어 크림 기획세트 (크림 50ml+토너 31ml) ,"48,000",복합성 쿨톤 잡티 트러블 민감성 모공 
75,A000000122996,닥터자르트 시카페어 크림 50ml ,"48,000",복합성 웜톤 모공 잡티 주름 블랙헤드 
76,A000000136879,비욘드 엔젤아쿠아 톤업크림 1+1 디즈니 기획,"19,800",복합성 웜톤 모공 트러블 블랙헤드 잡티 
77,A000000112172,유세린 하이알루론 나이트 크림 50ml,"44,000",복합성 웜톤 잡티 주름 탄력 트러블 
78,A000000117809,바이오더마 하이드라비오 젤크림 40ml,"22,400",건성 쿨톤 모공 잡티 미백 주름 
79,A000000002848,바이오더마 세비엄 포어 리파이너,"18,900",복합성 쿨톤 모공 민감성 트러블 블랙헤드 
80,A000000137501,에스트라 에이시카 스트레스 릴리프 트리트먼트 30ml,"25,200",건성 웜톤 모공 민감성 각질 잡티 
81,A000000013224,라로슈포제 시카플라스트 밤 B5 크림 [40ml],"17,910",복합성 웜톤 민감성 블랙헤드 모공 트러블 
82,A000000125038,닥터자르트 바이탈 하이드라 솔루션 바이옴 워터 크림 50ml,"30,400",복합성 웜톤 잡티 미백 블랙헤드 모공 
83,A000000140718,티르티르 VC 크림 50ml,"28,000",복합성 쿨톤 잡티 미백 주름 각질 
84,A000000136435,구달 청귤 비타C 크림 인텐스 50ml 기획세트(2002),"17,600",복합성 웜톤 잡티 미백 블랙헤드 각질 
85,A000000012621,아쿠아포린 액티브 포 드라이 스킨,"27,300",복합성 웜톤 트러블 민감성 잡티 피지과다 
86,A000000137839,비오템 옴므 아쿠아파워 72H 수분 젤 크림 50ml,"53,100",복합성 쿨톤 잡티 미백 주름 각질 
87,A000000125039,닥터자르트 바이탈 하이드라 솔루션 바이옴 모이스처 크림 50ml,"36,000",복합성 웜톤 잡티 주름 각질 트러블 
88,A000000112890,라로슈포제 똘러리앙 센시티브 크림,"21,250",복합성 웜톤 미백 주름 각질 블랙헤드 
89,A000000117811,바이오더마 시카비오 포마드 듀오 기획,"25,740",복합성 웜톤 트러블 모공 민감성 잡티 
90,A000000016809,유세린 볼륨 리프팅 데이 크림 포 드라이 스킨,"33,600",복합성 쿨톤 잡티 미백 트러블 민감성 
91,A000000112131,유세린 하이알루론 엘라스티시티 데이 크림,"47,600",복합성 쿨톤 주름 각질 피지과다 모공 
92,A000000135673,아벤느 시칼파트 플러스 S.O.S 크림 100ml,"24,500",복합성 웜톤 미백 주름 모공 탄력 
93,A000000140760,케어존 노르데나우 워터 젤크림 1+1 특별 기획,"28,800",복합성 웜톤 잡티 모공 탄력 주름 
94,A000000138571,마몽드 블루캐모마일수딩 리페어 50ml+25ml 기획,"28,800",복합성 웜톤 트러블 민감성 탄력 모공 
95,A000000115417,셀퓨전씨 포스트알파 카밍 다운 크림 50ml,"28,800",지성 쿨톤 트러블 모공 잡티 블랙헤드 
96,A000000122579,AHC 아우라 시크릿 톤업크림 스페셜 기획세트,"21,280",건성 웜톤 모공 주름 트러블 잡티 
97,A000000135874,센텔리안24 마데카크림 하이드라3X 포뮬러 3개 기획(50ml*3),"41,000",복합성 쿨톤 주름 블랙헤드 탄력 잡티 
98,A000000012899,아이소이 불가리안 로즈 모이스춰라이ZIP 30g [고강력압축보습제],"27,200",복합성 쿨톤 모공 주름 트러블 탄력 
99,A000000139885,리얼베리어 아쿠아 수딩 젤 크림 75ml 점보에디션(+아쿠아수딩젤크림 5ml*2ea+아쿠아수딩앰플 1ml*5ea 증정),"21,000",복합성 웜톤 트러블 모공 잡티 블랙헤드 
100,A000000121910,듀크레이 케라크닐 컨트롤 블랙헤드 저격크림 30ml 기획,"27,000",복합성 웜톤 블랙헤드 모공 트러블 피지과다 
101,A000000121934,로벡틴 스킨 이센셜즈 시카케어 밤 40ml,"21,600",건성 웜톤 잡티 트러블 미백 주름 
102,A000000136597,네이처카인드 하이드로 메가 히알루론 크림 500g,"27,200",지성 웜톤 미백 각질 트러블 피지과다 
103,A000000127404,마몽드 세라마이드라이트크림 50ML(19AD),"19,720",복합성 쿨톤 미백 주름 각질 블랙헤드 
104,A000000136537,바이오더마 에이비씨덤 페리오랄 40ml ,"27,000",복합성 쿨톤 각질 피지과다 민감성 잡티 
105,A000000138572,센텔리안24 마데카 릴리프 크림 50ml 기획(15ml 추가증정),"20,800",복합성 웜톤 모공 블랙헤드 민감성 잡티 
106,A000000118743,비욘드더레미디 비타민 톤업 크림 50ml 기획(2018),"25,600",복합성 쿨톤 잡티 미백 주름 각질 
107,A000000118339,닥터자르트 V7 토닝 라이트 50ml (NEW),"38,400",복합성 쿨톤 잡티 주름 블랙헤드 민감성 
108,A000000010088,바이오더마 시카비오 포마드 40ml,"14,300",건성 웜톤 트러블 민감성 모공 잡티 
109,A000000007750,하다라보 고쿠쥰 퍼팩트 젤 100g,"38,000",복합성 웜톤 미백 각질 잡티 주름 
110,A000000137328,시카수분크림 기획세트,"18,720",복합성 웜톤 블랙헤드 모공 미백 주름 
111,A000000130905,라운드어라운드 그린티 릴리프 크림 100ml,"18,720",복합성 쿨톤 잡티 모공 트러블 민감성 
112,A000000125107,엠브리올리스 레 크렘 콘센트레 75ml 퍼프 기획,"19,900",복합성 쿨톤 블랙헤드 모공 잡티 미백 
113,A000000125517,[올영단독기획]바이오더마 세비엄 센서티브 30ml 기획,"19,500",복합성 웜톤 트러블 모공 잡티 피지과다 
114,A000000010477,라로슈포제 똘러리앙 울트라 라이트 크림 [산뜻],"24,650",복합성 쿨톤 민감성 트러블 홍조 잡티 
115,A000000102817,아크네스 모이스처 크림 50g,"12,600",복합성 쿨톤 잡티 트러블 민감성 모공 
116,A000000135393,아크웰 아쿠아 클리니티 크림 (오리지널)50ml,"18,200",복합성 웜톤 잡티 모공 트러블 블랙헤드 
117,A000000130951,센텔리안24 마데카크림 50ml,"12,450",지성 쿨톤 트러블 민감성 모공 잡티 
118,A000000117704,에스트라 아토베리어365 워터젤크림 60ml,"25,600",복합성 웜톤 트러블 모공 민감성 잡티 
119,A000000141723,라운드랩 자작나무 수분 크림 80ml,"24,000",복합성 웜톤 모공 트러블 민감성 블랙헤드 
120,A000000135396,아크웰 아쿠아 클리니티 크림 (더블 모이스춰)75ml 증량기획,"18,200",복합성 웜톤 트러블 탄력 잡티 미백 
121,A000000141921,아크웰 아쿠아 클리니티 크림 오리지널 기획(50ml+20ml+체험분 5매입 증정),"22,400",복합성 쿨톤 잡티 각질 블랙헤드 민감성 
122,A000000139905,닥터자르트 바이옴 워터크림 기획 (50ml+증정),"30,400",복합성 웜톤 민감성 잡티 모공 트러블 
123,A000000130500,라운드어라운드 그린티 시카 배리어 크림 70mL,"21,700",복합성 쿨톤 각질 모공 잡티 미백 
124,A000000117807,바이오더마 하이드라비오 크림 50ml,"22,500",복합성 쿨톤 블랙헤드 트러블 민감성 홍조 
125,A000000115883,비쉬 아쿠알리아 떼르말 리하이드레이팅 크림 (리치),"32,400",복합성 쿨톤 잡티 미백 주름 각질 
126,A000000117708,에스트라 리제덤365 리페어링클크림 50g,"31,500",복합성 쿨톤 잡티 미백 주름 각질 
127,A000000110508,유리아쥬 제모스 세라뜨 200ml 기획,"30,600",복합성 웜톤 잡티 각질 블랙헤드 트러블 
128,A000000103851,로벡틴 배리어 리페어 아쿠아 컨센트레이트 60ml,"20,160",지성 웜톤 트러블 피지과다 블랙헤드 민감성 
129,A000000119436,비욘드 엔젤아쿠아 데일리 세라마이드크림 100ml 기획(1+1),"20,800",복합성 웜톤 모공 각질 트러블 민감성 
130,A000000117624,엠브리올리스 레 크렘 콘센트레 75ml,"19,900",복합성 웜톤 잡티 미백 주름 각질 
131,A000000142333,유세린 울트라센시티브 리페어 젤 50ml 기획 (+하이알루론 미스트 50ml),"21,000",복합성 쿨톤 잡티 미백 주름 각질 
132,A000000132144,클루시브 컨디션 릴렉싱 크림 스페셜 세트 80ML,"20,800",복합성 웜톤 트러블 블랙헤드 모공 잡티 
133,A000000131245,센텔리안24 마데카크림 파워부스팅 기획,"29,000",건성 웜톤 모공 탄력 블랙헤드 민감성 
134,A000000128642,토리든 다이브인 저분자 히알루론산 크림 80ml,"14,400",복합성 웜톤 탄력 각질 트러블 블랙헤드 
135,A000000016922,바이오더마 센시비오 라이트 기획세트,"18,900",복합성 웜톤 잡티 미백 주름 탄력 
136,A000000135904,아로마티카 리바이빙 로즈 인퓨전 크림 50ml [생기/보습],"26,780",복합성 쿨톤 트러블 민감성 모공 잡티 
137,A000000141554,비오템 아쿠아수르스 수분 젤 크림 30ml,"27,000",복합성 쿨톤 잡티 미백 주름 각질 
138,A000000119651,더마리프트 인텐시덤 컨센트레이트 크림 기획세트 50ml,"29,600",복합성 쿨톤 잡티 미백 주름 각질 
139,A000000016385,유리아쥬 배리어덤 시카 크림 40ml 기획,"17,600",복합성 웜톤 미백 잡티 민감성 모공 
140,A000000142977,마몽드 블루 캐모마일 크림 한정기획(크림50ml+25ml+조효진 콜라보플레이트 2P구성),"25,600",복합성 웜톤 블랙헤드 모공 주름 탄력 
141,A000000143242,비오템 아쿠아수르스 수분 젤 크림 75ml,"48,600",복합성 쿨톤 잡티 미백 주름 각질 
142,A000000137414,비오템 아쿠아수르스 수분 젤 크림 50ml 세트,"48,600",복합성 웜톤 잡티 미백 주름 각질 
143,A000000126794,유세린 하이알루론 데이크림 드라이스킨 20ml,"16,000",건성 웜톤 모공 탄력 각질 트러블 
144,A000000139061,정샘물 에센셜 물 크림 50ml,"42,400",복합성 쿨톤 잡티 미백 주름 각질 
145,A000000117710,에스트라 리제덤365 리페어퍼밍크림 50ml,"21,000",복합성 웜톤 잡티 트러블 모공 미백 
146,A000000119839,셀퓨전씨 포스트알파 센테카솔연고 40ml,"20,900",건성 쿨톤 잡티 트러블 블랙헤드 홍조 
147,A000000137799,이자녹스 크리스탈 에이징 컴포팅 크림 기획,"41,760",건성 쿨톤 잡티 미백 탄력 주름 
148,A000000119437,비욘드 엔젤아쿠아 데일리 톤업크림 75ml 기획(1+1),"20,800",복합성 웜톤 미백 주름 모공 트러블 
149,A000000016779,리얼베리어 인텐스 모이스처 크림 50ml,"20,800",복합성 웜톤 모공 블랙헤드 잡티 트러블 
150,A000000123158,마몽드 세라마이드인텐스크림 50ML 튜브기획,"23,200",복합성 웜톤 모공 잡티 블랙헤드 피지과다 
151,A000000116607,비욘드더레미디 루트테라피 젤 크림 기획 50ml_Y18,"22,400",복합성 웜톤 미백 각질 블랙헤드 모공 
152,A000000112418,비욘드 엔젤아쿠아 데일리 시카크림 150ml 기획(1+1),"20,800",복합성 웜톤 트러블 모공 잡티 각질 
153,A000000118340,닥터자르트 V7 핑크 토닝 50ml (NEW),"38,400",건성 웜톤 주름 각질 블랙헤드 민감성 
154,A000000130233,바이오더마 센시비오 리치 40ml+센시비오 토너 100ml 기획,"18,900",건성 웜톤 주름 각질 민감성 잡티 
155,A000000112269,메디큐브 레드 크림 50ml,"37,000",건성 쿨톤 미백 트러블 블랙헤드 모공 
156,A000000105727,피지오겔 카밍 릴리프 리스토어링 리피드밤 50ml,"37,000",건성 웜톤 잡티 민감성 주름 트러블 
157,A000000135660,오리진스 진징 울트라 에너지 부스팅 크림 50ml (0TAX),"36,900",복합성 쿨톤 잡티 미백 주름 각질 
158,A000000121995,눅스 에너지 부스트 아이젤밤 15ml,"36,550",복합성 쿨톤 잡티 미백 주름 각질 
159,A000000127460,식물나라 제주탄산수수분크림100ml,"8,820",복합성 웜톤 미백 트러블 블랙헤드 모공 
160,A000000131388,눅스 레브드미엘 울트라 컴포팅 베리어 크림 50ml 기획,"35,100",복합성 쿨톤 모공 잡티 트러블 주름 
161,A000000104156,크리니크 모이스춰 써지 인텐스 스킨 포티파잉 하이드레이터 50ml,"35,100",건성 쿨톤 잡티 트러블 모공 블랙헤드 
162,A000000137623,한율 빨간쌀 진액보습크림 50ML,"34,400",지성 쿨톤 트러블 블랙헤드 모공 홍조 
163,A000000120126,차앤박 하이드로세라 수딩크림 120ml,"34,200",복합성 쿨톤 잡티 각질 블랙헤드 미백 
164,A000000135674,[올리브영 단독]아벤느 시칼파트 플러스 100ml + 오떼르말 150ml 증정 기획,"35,000",복합성 웜톤 모공 잡티 트러블 블랙헤드 
165,A000000121018,닥터지 필라그린 배리어크림 민감지성 50ml 기획,"33,100",지성 웜톤 모공 트러블 피지과다 블랙헤드 
166,A000000115882,비쉬 아쿠알리아 떼르말 리하이드레이팅 크림 (라이트),"32,400",복합성 쿨톤 주름 블랙헤드 모공 잡티 
167,A000000129009,에스트라 테라크네365 수딩에멀젼 120ml,"31,500",복합성 웜톤 잡티 각질 트러블 모공 
168,A000000137922,프리메라 알파인베리워터리 크림 50ML,"31,450",복합성 웜톤 잡티 미백 트러블 주름 
169,A000000139562,스킨푸드 로열허니 착한 수분 크림,"10,500",복합성 웜톤 미백 주름 민감성 모공 
170,A000000015487,유리아쥬 제모스 끄렘 200ml 기획,"28,800",건성 웜톤 각질 주름 트러블 블랙헤드 
171,A000000141712,DR다룸 베리어 크림 75ml,"28,000",복합성 쿨톤 블랙헤드 모공 트러블 잡티 
172,A000000122075,벨라수 기린 넥프팅 크림 45g,"13,900",건성 웜톤 민감성 모공 주름 각질 
173,A000000138576,한율 어린쑥수분진정크림 50ml,"27,200",복합성 쿨톤 잡티 각질 주름 트러블 
174,A000000118196,메디큐브 블루 이레이징 크림 50ml,"26,600",복합성 쿨톤 민감성 트러블 모공 탄력 
175,A000000016731,리얼베리어 익스트림 크림 50ml,"26,600",복합성 웜톤 잡티 트러블 민감성 모공 
176,A000000127464,식물나라 제주탄산수셔벗크림100ml,"8,820",복합성 웜톤 모공 트러블 잡티 미백 
177,A000000125012,유리아쥬 오 떼르말 워터 젤 크림 40ml,"25,200",건성 쿨톤 미백 블랙헤드 피지과다 민감성 
178,A000000016154,듀크레이 케라크닐 리페어 속당김 보습 크림 50ml,"24,000",복합성 쿨톤 잡티 미백 주름 각질 
179,A000000135955,메이크프렘 리프팅 미 리포좀 퍼밍 크림50ml,"23,800",복합성 웜톤 모공 트러블 미백 주름 
180,A000000142663,유세린 우레아 리페어 리치 크림 50ml 기획 (+더머토 클린 토너 200ml),"26,200",복합성 쿨톤 잡티 미백 주름 각질 
181,A000000128929,유리아쥬 톨레덤 수딩 크림 50ml 기획,"23,100",복합성 쿨톤 트러블 모공 각질 블랙헤드 
182,A000000129089,보타닉힐 보 더마 인텐시브 시카 판테놀 블레미쉬 크림70mL(+토너20ml),"22,400",복합성 웜톤 트러블 모공 민감성 블랙헤드 
183,A000000142189,듀크레이 덱시안 피부장벽 크림 200ml,"27,000",복합성 쿨톤 잡티 미백 주름 각질 
184,A000000112127,바이오더마 센시비오 포르테 40ml,"24,300",복합성 웜톤 트러블 잡티 각질 민감성 
185,A000000139551,스킨푸드 유자씨 잡티 맑음 크림,"24,000",복합성 쿨톤 잡티 미백 주름 각질 
186,A000000118937,라로슈포제 똘러리앙 센시티브 리치 크림,"21,250",복합성 쿨톤 잡티 미백 주름 각질 
187,A000000136389,식물나라 티트리시카크림30ml,"3,000",복합성 웜톤 민감성 잡티 트러블 미백 
188,A000000126471,유세린 울트라 센시티브 리페어 젤 50ml,"21,000",복합성 쿨톤 잡티 미백 주름 각질 
189,A000000112402,케어존 닥터솔루션 더마 밀크-히알루로닉 크림 기획 40ml,"23,800",복합성 웜톤 트러블 모공 잡티 주름 
190,A000000141028,셀퓨전씨 포스트 알파 아쿠아포린 크림 60ml,"20,160",복합성 웜톤 모공 트러블 잡티 블랙헤드 
191,A000000016747,라끄베르 헬로 히알루론 올인원 크림 100ml 1+1 기획,"19,900",복합성 쿨톤 잡티 모공 주름 탄력 
192,A000000124181,유세린 울트라 센시티브 인스턴트 수딩 크림 50ml,"19,200",건성 웜톤 트러블 민감성 홍조 잡티 
193,A000000113158,리얼베리어 아쿠아 수딩 젤 크림 50ml,"21,000",건성 웜톤 잡티 주름 모공 탄력 
194,A000000141722,VT 슈퍼 히알론 크림 55ML,"18,200",복합성 쿨톤 잡티 미백 주름 각질 
195,A000000132179,웰라쥬 리얼 에이치에이 바이오 리프트 아이크림 45ml,"18,000",건성 쿨톤 미백 블랙헤드 주름 피지과다 
196,A000000139012,더포션스 크림 믹서,"17,600",복합성 쿨톤 잡티 미백 주름 각질 
197,A000000121276,싸이닉 슈퍼 모이스트 페이셜 크림 80g,"15,000",복합성 웜톤 모공 트러블 잡티 주름 
198,A000000120217,썸바이미 로즈 인텐시브 톤업크림 50ml,"12,900",복합성 웜톤 블랙헤드 모공 홍조 트러블 
199,A000000111988,코스알엑스 어드벤스드 스네일 92 올인원 크림 100ml,"12,200",복합성 웜톤 주름 각질 트러블 모공 
200,A000000120889,DMCK 클린 아크 크림 30g,"12,000",복합성 쿨톤 트러블 잡티 각질 블랙헤드 
201,A000000120193,썸바이미 V10 비타민 톤업크림 50ml,"12,000",복합성 쿨톤 민감성 미백 각질 트러블 
202,A000000129085,식물나라 허니유자윤기크림100ml,"9,720",복합성 웜톤 모공 홍조 탄력 블랙헤드 
203,A000000105353,아쿠아퍼 수딩 오인트먼트 50g,"8,400",복합성 쿨톤 잡티 민감성 각질 블랙헤드 
204,A000000144117,미샤 타임레볼루션 개똥쑥 진정크림,"39,000",복합성 쿨톤 잡티 미백 주름 각질 
205,A000000137413,비오템 아쿠아수르스 수분 젤 크림  50ml,"48,600",복합성 쿨톤 미백 민감성 탄력 주름 
206,A000000144118,미샤 타임레볼루션 나이트 리페어 프로바이오 앰플 압축크림,"42,000",복합성 쿨톤 잡티 미백 주름 각질 
207,A000000143118,다슈 맨즈 아쿠아 에너지 수분크림 50g,"18,000",복합성 쿨톤 잡티 미백 주름 각질 
208,A000000137162,엠도씨 울트라 수분 크림 100ml,"18,400",복합성 쿨톤 잡티 미백 주름 각질 
209,A000000137176,코스알엑스 하이드리움 그린티 아쿠아 수딩 젤 크림 50ml,"14,900",지성 웜톤 잡티 각질 트러블 민감성 
210,A000000144120,애즈이즈투비 아쿠아 부스팅 크림 50ml,"32,000",복합성 쿨톤 잡티 미백 주름 각질 
211,A000000137384,브링그린 사철쑥 카밍 수분크림 75mL,"20,000",복합성 웜톤 트러블 모공 블랙헤드 민감성 
212,A000000138058,시카수분크림 75mL,"18,720",건성 쿨톤 트러블 블랙헤드 모공 홍조 
213,A000000137495,코스알엑스 퓨어핏 시카 크림 50ml,"14,300",복합성 웜톤 모공 잡티 블랙헤드 각질 
214,A000000141474,라네즈 래디언씨크림 30ml,"23,900",복합성 쿨톤 잡티 민감성 모공 트러블 
215,A000000141281,차앤박 아쿠아 수딩 젤 크림_80ml_N,"27,200",복합성 쿨톤 잡티 미백 주름 각질 
216,A000000141512,마녀공장 비피다 바이옴 아쿠아 베리어 크림 80ml,"19,600",복합성 쿨톤 잡티 미백 주름 각질 
217,A000000141202,브링그린 사철쑥카밍수분크림 기획 세트(수분크림 20mL 추가 증정),"20,000",복합성 쿨톤 피지과다 모공 잡티 미백 
218,A000000140428,라엘 리얼라엘 데일리 레스토레이션 크림 50ml,"33,800",복합성 쿨톤 잡티 미백 주름 각질 
219,A000000140607,브링그린 사철쑥 카밍 리페어 크림 75mL,"20,000",복합성 쿨톤 미백 블랙헤드 각질 잡티 
220,A000000139820,스킨알엑스랩 마데세라 크림 15ml,"13,000",복합성 웜톤 트러블 모공 블랙헤드 민감성 
221,A000000139011,더포션스 젤크림 믹서,"18,700",지성 쿨톤 잡티 트러블 블랙헤드 민감성 
222,A000000141662,유리아쥬 제모스 끄렘 400ml,"43,200",복합성 쿨톤 잡티 미백 주름 각질 
223,A000000141663,싸이닉 히아루론산 수딩 젤 150ml [1+1기획] ,"11,900",복합성 웜톤 트러블 모공 블랙헤드 민감성 
224,A000000137923,프리메라 알파인베리워터리오일프리 젤크림 50ML,"31,450",복합성 쿨톤 잡티 미백 주름 각질 
225,A000000138001,프리메라 슈퍼 블랙씨드 콜드-드랍™크림 50ML,"49,300",복합성 쿨톤 잡티 미백 주름 각질 
226,A000000138004,프리메라 오가니언스크림 50ML,"29,750",복합성 쿨톤 잡티 미백 주름 각질 
227,A000000142187,듀크레이 덱시안 피부장벽 밤 200ml,"30,000",복합성 쿨톤 잡티 미백 주름 각질 
228,A000000138518,오리진스 진징 오일-프리 젤 모이스처라이저 JR 기획세트,"36,900",복합성 쿨톤 잡티 트러블 모공 각질 
229,A000000139004,차앤박 팜슈티컬 모이스처 시카 크림 50ml,"30,400",복합성 웜톤 잡티 미백 각질 트러블 
230,A000000139005,차앤박 팜슈티컬 울트라 카밍 젤 크림 50ml,"29,500",복합성 웜톤 모공 트러블 잡티 탄력 
231,A000000137482,로벡틴 클린 연꽃수 크림 60ml,"17,820",복합성 웜톤 트러블 모공 잡티 블랙헤드 
232,A000000137160,엠도씨 멘진 아이크림 롤온 30ml,"26,300",복합성 쿨톤 잡티 미백 주름 각질 
233,A000000002341,유리아쥬 푸루리시드 크림 100ml,"21,600",복합성 웜톤 잡티 트러블 블랙헤드 민감성 
234,A000000136882,눅스 에너지 부스트 나이트 리커버리 밤 50ml 기획,"40,800",건성 쿨톤 주름 잡티 모공 미백 
235,A000000115510,달팡 인트랄 리커버리 밤 50ml,"67,500",복합성 쿨톤 잡티 미백 주름 각질 
236,A000000115507,달팡 인트랄 리커버리 크림 50ml,"67,500",복합성 웜톤 잡티 각질 트러블 블랙헤드 
237,A000000115502,달팡 하이드라스킨 라이트 크림 50ml,"58,500",복합성 쿨톤 모공 잡티 미백 주름 
238,A000000115499,달팡 하이드라스킨 리치 크림 50ml,"58,500",복합성 쿨톤 잡티 미백 주름 각질 
239,A000000115020,오리진스 오리지널 스킨 매트 모이스춰라이저 30ml (0PE3),"26,100",복합성 쿨톤 잡티 미백 주름 각질 
240,A000000114935,로벡틴 스킨 이센셜즈 배리어 리페어 크림 컨센트레이트60ml,"32,400",복합성 웜톤 주름 트러블 탄력 잡티 
241,A000000114315,마녀공장 리얼 후레쉬 알로에 수딩 젤 300ml,"8,900",복합성 웜톤 블랙헤드 모공 잡티 트러블 
242,A000000116004,시카고 시카 피니쉬 크림 50ml [끝장크림],"34,400",복합성 웜톤 잡티 블랙헤드 모공 탄력 
243,A000000113677,메이크프렘 시카프로™ 리바이탈라이징 크림 60ml+18ml,"22,400",건성 웜톤 잡티 주름 블랙헤드 탄력 
244,A000000116032,유리아쥬 오 떼르말 워터 크림 40ml,"25,200",건성 쿨톤 미백 블랙헤드 피지과다 민감성 
245,A000000117492,차앤박 닥터알투 리얼 마데카소사이드 크림 50ml,"27,200",복합성 쿨톤 잡티 민감성 모공 미백 
246,A000000119376,차앤박 인비져블 밀크보습 필링 크림 50ml,"17,500",복합성 쿨톤 잡티 미백 주름 각질 
247,A000000119117,시어 울트라 리치 컴포팅 크림 50ml,"45,000",복합성 쿨톤 잡티 미백 주름 각질 
248,A000000118826,라운드어라운드 인텐스 배리어 크림50ml,"22,800",복합성 쿨톤 잡티 미백 주름 각질 
249,A000000118240,닥터지 필라그린 배리어 밤 50ml,"18,900",건성 웜톤 민감성 트러블 각질 잡티 
250,A000000117709,에스트라 리제덤365 리페어시그니처크림 50ml,"21,000",복합성 쿨톤 잡티 미백 주름 각질 
251,A000000117620,엠브리올리스 엠브리오덤 75ml,"23,000",복합성 쿨톤 잡티 미백 주름 각질 
252,A000000117533,리리코스 마린에너지 딥씨워터폴크림 50ml 기획,"14,000",복합성 쿨톤 각질 잡티 트러블 모공 
253,A000000116908,일리윤 프로바이오틱스 스킨 배리어 크림 100ML,"19,600",복합성 쿨톤 잡티 미백 주름 각질 
254,A000000120125,차앤박 하이드로세라 인텐스크림 50ml,"40,500",복합성 쿨톤 잡티 미백 주름 각질 
255,A000000113611,눅스 크렘프레쉬 리치 크림 50ml (건성용 진정 수분 크림),"31,200",복합성 쿨톤 잡티 미백 주름 각질 
256,A000000113203,오리진스 MAD 플러스 리주버네이팅 수분 앰플 크림 30ml (한정)(0PNK),"28,800",건성 쿨톤 미백 민감성 홍조 잡티 
257,A000000016810,유세린 볼륨 리프팅 데이 크림 포 노멀 투 컴비네이션 스킨 (중복합성용),"33,600",건성 웜톤 각질 민감성 홍조 잡티 
258,A000000015518,이자녹스 녹스랩 크림 기획,"25,920",건성 쿨톤 미백 블랙헤드 잡티 주름 
259,A000000015514,라로슈포제 똘러리앙 울트라 오버나이트 크림,"34,000",복합성 쿨톤 민감성 모공 잡티 미백 
260,A000000015389,아쿠아포린 액티브 포 노멀 투 컴비네이션 스킨,"27,300",복합성 웜톤 미백 잡티 각질 트러블 
261,A000000012881,피지오겔 DMT 페이셜 크림 150ml,"27,800",복합성 웜톤 모공 잡티 트러블 민감성 
262,A000000002876,하다라보 고쿠쥰 크림 50g,"28,000",건성 웜톤 민감성 잡티 트러블 탄력 
263,A000000002841,바이오더마 센시비오 리치,"18,900",복합성 쿨톤 잡티 미백 주름 각질 
264,A000000016963,비욘드더레미디 루트리션 크림 50ml,"28,000",복합성 쿨톤 잡티 미백 블랙헤드 민감성 
265,A000000113609,눅스 크렘프레쉬 크림 50ml (중성용 진정 수분 크림),"31,200",복합성 쿨톤 잡티 미백 주름 각질 
266,A000000103725,오리진스 MAD 플러스 리주버네이팅 수분 앰플 크림 50ml (0JW1),"48,600",건성 쿨톤 주름 잡티 미백 모공 
267,A000000104703,엠도씨 릴리프 수딩 겔,"14,400",복합성 쿨톤 잡티 미백 주름 각질 
268,A000000112662,로벡틴 스킨 이센셜즈 배리어 리페어 크림 175ml,"12,000",복합성 웜톤 민감성 모공 잡티 트러블 
269,A000000112175,유세린 하이알루론 데이 크림 포 컴비네이션 투 오일리 스킨 (지복합성용),"44,800",건성 웜톤 잡티 모공 미백 주름 
270,A000000112171,유세린 하이알루론 데이 크림 포 드라이 스킨 (건성용),"52,800",복합성 웜톤 잡티 주름 각질 트러블 
271,A000000112114,아비브 하이드레이션 크림 워터튜브 75ml,"27,300",복합성 쿨톤 블랙헤드 잡티 각질 트러블 
272,A000000110820,아임프롬 비타민트리 워터젤 75g,"22,400",복합성 쿨톤 미백 모공 탄력 잡티 
273,A000000107273,유리아쥬 제모스 페이스 40ml,"19,200",복합성 쿨톤 잡티 미백 주름 각질 
274,A000000105302,보타닉힐 보 더마 워터 세라마이드 젤 크림 95g (단품),"18,000",복합성 웜톤 모공 잡티 블랙헤드 트러블 
275,A000000104202,비욘드더레미디 뿌리 60크림 기획세트,"24,700",복합성 쿨톤 탄력 모공 미백 주름 
276,A000000136883,눅스 에너지 부스트 아이젤밤 15ml 기획,"36,550",복합성 쿨톤 주름 탄력 잡티 미백 
277,A000000120136,나인위시스 VB 톤업 글로우 SPF21,"17,500",복합성 쿨톤 잡티 미백 주름 각질 
278,A000000120891,DMCK 클린 아크 크림 30g *2,"20,000",복합성 쿨톤 잡티 미백 주름 각질 
279,A000000131181,닥터지 로얄 블랙스네일 아이크림 30ml 수딩쿨러 증정 기획,"26,600",복합성 쿨톤 잡티 미백 주름 각질 
280,A000000130836,아임프롬 허니 글로우 크림 50g,"25,600",복합성 웜톤 트러블 블랙헤드 모공 잡티 
281,A000000130734,오리진스 진징 오일-프리 에너지 부스팅 젤 모이스춰라이저,"36,900",복합성 쿨톤 잡티 미백 각질 트러블 
282,A000000130652,제니하우스 트러플 퍼밍 크림 50ml,"29,400",복합성 쿨톤 잡티 미백 주름 각질 
283,A000000129557,차앤박 듀얼밸런스 워터락 모이스트 크림 50ml(1908),"40,500",지성 웜톤 트러블 블랙헤드 피지과다 모공 
284,A000000128896,벨라수 기린 브이 리프팅 롤러크림 45g,"32,000",복합성 웜톤 모공 주름 트러블 민감성 
285,A000000128656,아임프롬 머그워트 크림 50g,"24,320",건성 웜톤 트러블 잡티 민감성 홍조 
286,A000000131571,유세린 하이알루론 나이트크림 20ml,"17,000",복합성 쿨톤 트러블 모공 주름 블랙헤드 
287,A000000128139,록시땅 아쿠아 레오티에 울트라 서스트 퀸치 젤 50ml,"42,000",복합성 웜톤 잡티 각질 트러블 블랙헤드 
288,A000000134494,이지듀 리더마 이펙트 크림 기획 (15ml 증정),"18,000",복합성 쿨톤 잡티 미백 주름 각질 
289,A000000135390,아크웰 베타글루션 초보습 크림 기획 (밀크오일 10ml*2 증정) ,"22,100",복합성 쿨톤 잡티 미백 주름 블랙헤드 
290,A000000136395,네이처카인드 화이트닝 메가 비타민 크림 500g_N,"30,400",복합성 쿨톤 잡티 미백 주름 각질 
291,A000000136256,피치베리 31도씨 르포제 크림 100ml,"28,000",복합성 쿨톤 잡티 미백 주름 각질 
292,A000000136159,셀라피 에이리페어 크림 50ml 기획세트(본품50ml+오일토너20ml+마스크팩2ea),"25,900",복합성 웜톤 모공 트러블 탄력 블랙헤드 
293,A000000136132,차앤박 비타 비 에너지 젤크림 50ml (2001),"23,100",복합성 쿨톤 트러블 민감성 주름 블랙헤드 
294,A000000135672,아벤느 시칼파트 플러스 S.O.S 크림 40ml,"22,000",복합성 쿨톤 트러블 잡티 각질 블랙헤드 
295,A000000135395,아크웰 아쿠아 클리니티 크림 (더블 모이스춰)50ml,"18,200",복합성 쿨톤 잡티 미백 주름 각질 
296,A000000135394,아크웰 아쿠아 클리니티 크림 (글로우)50ml,"18,200",복합성 쿨톤 잡티 미백 주름 각질 
297,A000000135135,키노닉스 원더 레미디 보습 크림(50ml),"25,500",복합성 쿨톤 잡티 주름 각질 블랙헤드 
298,A000000120826,헤지스 맨 룰429 슬리핑퍼팩크림 선물기획(올인원50ml 증정),"20,400",복합성 웜톤 미백 잡티 각질 블랙헤드 
299,A000000128136,닥터자르트 컨트롤에이 티트리먼트 듀오세트 (티트리 토너+모이스처라이저),"25,600",복합성 쿨톤 트러블 모공 블랙헤드 잡티 
300,A000000128084,에르쯔틴 리제너레이티브 실트 크림 50g,"36,000",복합성 쿨톤 잡티 미백 주름 각질 
301,A000000122659,아이소이 인텐시브 에너자이징 리페어링 밤 30ml [코어탄력밤],"38,400",건성 쿨톤 잡티 미백 탄력 주름 
302,A000000122306,리리코스 마린에너지 인리치드 캡슐크림 45g,"70,000",복합성 쿨톤 잡티 미백 주름 각질 
303,A000000121994,눅스 에너지 부스트 나이트 리커버리밤 50ml,"40,800",복합성 쿨톤 주름 탄력 잡티 미백 
304,A000000121905,유이라 씨 더 매직 톤업 크림 50ml,"23,200",복합성 웜톤 미백 각질 트러블 블랙헤드 
305,A000000121375,케어존 노르데나우 워터 젤크림기획(1901),"28,800",지성 쿨톤 트러블 피지과다 민감성 모공 
306,A000000121373,케어존 노르데나우 워터 크림 기획(1901),"28,800",복합성 웜톤 트러블 민감성 각질 잡티 
307,A000000121272,싸이닉 더 심플 시카 밤 40ml,"10,000",복합성 웜톤 트러블 민감성 주름 각질 
308,A000000122716,케어존 아큐어 13 트러블 진정크림 기획 50ml,"24,900",복합성 쿨톤 트러블 민감성 잡티 미백 
309,A000000128110,닥터자르트 컨트롤에이 티트리먼트 모이스처라이저 50ml (티트리 약산성 보습크림),"19,200",복합성 웜톤 트러블 민감성 잡티 미백 
310,A000000122859,셀비엔 구급크림 300ml,"19,900",복합성 쿨톤 잡티 미백 주름 각질 
311,A000000124319,라마린 메드 나이트 크림 50ml,"45,000",복합성 쿨톤 잡티 미백 주름 각질 
312,A000000144125,웰라쥬 리얼 히알루로닉 인텐시브 크림,"28,000",복합성 쿨톤 잡티 미백 주름 각질 
313,A000000126843,[DTRT] 톤업크림 슈팅라이트 50ml,"16,900",복합성 쿨톤 잡티 미백 주름 각질 
314,A000000126835,리리코스ME 바다쑥 카밍 퓨어 크림 100ML,"16,500",복합성 쿨톤 잡티 모공 미백 트러블 
315,A000000126535,바이오더마 시카비오 포마드 3개 기획,"34,100",복합성 쿨톤 잡티 각질 트러블 블랙헤드 
316,A000000125750,닥터자르트 시카페어 크림 듀오 트라이얼 세트,"21,000",지성 쿨톤 잡티 미백 주름 블랙헤드 
317,A000000124573,메이크프렘 세이프 미 릴리프 베리어 크림 80ml 기획세트,"23,800",복합성 쿨톤 블랙헤드 민감성 모공 탄력 
318,A000000124322,라마린 메드 에스오에스 리페어 크림 50ml,"35,000",건성 쿨톤 트러블 민감성 잡티 미백 
319,A000000124318,라마린 메드 데이 크림 50ml,"45,000",복합성 쿨톤 잡티 미백 주름 각질 
320,A000000144126,웰라쥬 리얼 히알루로닉 겔 크림,"28,000",복합성 쿨톤 잡티 미백 주름 각질 
